t_sec,pid,rss_kb,vmsize_kb
0,201,17512,763144
5,201,17512,763144
10,201,17512,763144
15,201,17512,763144
20,201,17512,763144
25,201,17512,763144
30,201,17512,763144
35,201,17512,763144
40,201,17512,763144
45,201,17512,763144
50,201,17512,763144
55,201,17512,763144
60,201,17512,763144
65,201,17512,763144
70,201,17512,763144
75,201,17512,763144
80,201,17512,763144
85,201,17512,763144
90,201,17512,763144
95,201,17512,763144
100,201,17512,763144
105,201,17512,763144
110,201,17512,763144
115,201,17512,763144
120,201,17512,763144
125,201,17512,763144
130,201,17512,763144
135,201,17512,763144
140,201,17512,763144
145,201,17512,763144
150,201,17512,763144
155,201,17512,763144
160,201,17512,763144
165,201,17512,763144
170,201,17512,763144
175,201,17512,763144
180,201,17512,763144
185,201,17512,763144
190,201,17512,763144
195,201,17512,763144
200,201,17512,763144
205,201,17512,763144
210,201,17512,763144
215,201,17512,763144
220,201,17512,763144
225,201,17512,763144
230,201,17512,763144
235,201,17512,763144
240,201,17512,763144
245,201,17512,763144
250,201,17512,763144
255,201,17512,763144
260,201,17512,763144
265,201,17512,763144
270,201,17512,763144
275,201,17512,763144
280,201,17512,763144
285,201,17512,763144
290,201,17512,763144
295,201,17512,763144
300,201,17512,763144
